REP_CAT,SUM_P1_001N,SUM_POP_AREA,SAMPLEDENS,METHOD,CLASSDENS
21,310.0,520.0,0.5961538461538461,Sampled,0.5961538461538461
22,5834.0,2200.0,2.651818181818182,Sampled,2.651818181818182
23,1764.0,345.0,5.113043478260869,Sampled,5.113043478260869
0,,,,Preset,0.0
71,,,,Preset,0.0
41,,,,Preset,0.0
42,,,,Preset,0.0
43,,,,Preset,0.0
11,,,,Preset,0.0
81,,,,Preset,0.0
82,,,,Preset,0.0
52,,,,Preset,0.0
90,,,,Preset,0.0
31,,,,Preset,0.0
95,,,,Preset,0.0
24,,,,IAW,0.5304993553868775
